run_key,subject_id,outer_fold,condition,model,model_family,task,seed,y_true,y_pred,class_score_0,class_score_1,class_score_2,class_score_3
sub-cp005_ses-20210226_level-01B_run-001,sub-cp005,5,WITH_PERFORMANCE_AUXILIARY,HDC+OnlineHD Hybrid,HDC,classification,42,0,0,0.86657375,0.8286485,0.8326898,0.78928286
sub-cp005_ses-20210226_level-01B_run-007,sub-cp005,5,WITH_PERFORMANCE_AUXILIARY,HDC+OnlineHD Hybrid,HDC,classification,42,0,1,0.8927422,0.9069001,0.8701973,0.79985636
sub-cp005_ses-20210226_level-01B_run-012,sub-cp005,5,WITH_PERFORMANCE_AUXILIARY,HDC+OnlineHD Hybrid,HDC,classification,42,0,0,0.89908516,0.88857836,0.8650439,0.78530186
sub-cp005_ses-20210226_level-02B_run-003,sub-cp005,5,WITH_PERFORMANCE_AUXILIARY,HDC+OnlineHD Hybrid,HDC,classification,42,1,2,0.7748066,0.7894227,0.81655854,0.77885395
sub-cp005_ses-20210226_level-02B_run-008,sub-cp005,5,WITH_PERFORMANCE_AUXILIARY,HDC+OnlineHD Hybrid,HDC,classification,42,1,1,0.8680709,0.9158865,0.872483,0.7859272
sub-cp005_ses-20210226_level-02B_run-010,sub-cp005,5,WITH_PERFORMANCE_AUXILIARY,HDC+OnlineHD Hybrid,HDC,classification,42,1,1,0.87708795,0.90305966,0.8752854,0.8001966
sub-cp005_ses-20210226_level-03B_run-002,sub-cp005,5,WITH_PERFORMANCE_AUXILIARY,HDC+OnlineHD Hybrid,HDC,classification,42,2,3,0.75793946,0.7915258,0.77311116,0.81857383
sub-cp005_ses-20210226_level-03B_run-005,sub-cp005,5,WITH_PERFORMANCE_AUXILIARY,HDC+OnlineHD Hybrid,HDC,classification,42,2,2,0.79994756,0.8480792,0.86446756,0.8183116
sub-cp005_ses-20210226_level-03B_run-011,sub-cp005,5,WITH_PERFORMANCE_AUXILIARY,HDC+OnlineHD Hybrid,HDC,classification,42,2,2,0.81819445,0.8690231,0.8893638,0.85103625
sub-cp005_ses-20210226_level-04B_run-004,sub-cp005,5,WITH_PERFORMANCE_AUXILIARY,HDC+OnlineHD Hybrid,HDC,classification,42,3,3,0.7382824,0.7604544,0.7642079,0.8201231
sub-cp005_ses-20210226_level-04B_run-006,sub-cp005,5,WITH_PERFORMANCE_AUXILIARY,HDC+OnlineHD Hybrid,HDC,classification,42,3,3,0.8061285,0.8086393,0.8596396,0.9170062
sub-cp005_ses-20210226_level-04B_run-009,sub-cp005,5,WITH_PERFORMANCE_AUXILIARY,HDC+OnlineHD Hybrid,HDC,classification,42,3,3,0.8225502,0.81944734,0.82450575,0.8643817
sub-cp017_ses-20210521_level-01B_run-001,sub-cp017,5,WITH_PERFORMANCE_AUXILIARY,HDC+OnlineHD Hybrid,HDC,classification,42,0,0,0.89451426,0.8866988,0.8736762,0.7902916
sub-cp017_ses-20210521_level-01B_run-007,sub-cp017,5,WITH_PERFORMANCE_AUXILIARY,HDC+OnlineHD Hybrid,HDC,classification,42,0,0,0.8855054,0.86568147,0.8235756,0.7452
sub-cp017_ses-20210521_level-01B_run-012,sub-cp017,5,WITH_PERFORMANCE_AUXILIARY,HDC+OnlineHD Hybrid,HDC,classification,42,0,0,0.86389637,0.85453916,0.81741107,0.73559093
sub-cp017_ses-20210521_level-02B_run-003,sub-cp017,5,WITH_PERFORMANCE_AUXILIARY,HDC+OnlineHD Hybrid,HDC,classification,42,1,1,0.85392916,0.91602147,0.87727666,0.7542508
sub-cp017_ses-20210521_level-02B_run-008,sub-cp017,5,WITH_PERFORMANCE_AUXILIARY,HDC+OnlineHD Hybrid,HDC,classification,42,1,1,0.8285328,0.8842052,0.8334911,0.749577
sub-cp017_ses-20210521_level-02B_run-010,sub-cp017,5,WITH_PERFORMANCE_AUXILIARY,HDC+OnlineHD Hybrid,HDC,classification,42,1,1,0.86365473,0.913188,0.85906225,0.78402305
sub-cp017_ses-20210521_level-03B_run-002,sub-cp017,5,WITH_PERFORMANCE_AUXILIARY,HDC+OnlineHD Hybrid,HDC,classification,42,2,2,0.8311572,0.87253433,0.9093153,0.77035046
sub-cp017_ses-20210521_level-03B_run-005,sub-cp017,5,WITH_PERFORMANCE_AUXILIARY,HDC+OnlineHD Hybrid,HDC,classification,42,2,2,0.862525,0.88709986,0.8991367,0.7998926
sub-cp017_ses-20210521_level-03B_run-011,sub-cp017,5,WITH_PERFORMANCE_AUXILIARY,HDC+OnlineHD Hybrid,HDC,classification,42,2,2,0.8243473,0.8819913,0.90759814,0.80177623
sub-cp017_ses-20210521_level-04B_run-004,sub-cp017,5,WITH_PERFORMANCE_AUXILIARY,HDC+OnlineHD Hybrid,HDC,classification,42,3,3,0.81811064,0.82155293,0.8669017,0.92200285
sub-cp017_ses-20210521_level-04B_run-006,sub-cp017,5,WITH_PERFORMANCE_AUXILIARY,HDC+OnlineHD Hybrid,HDC,classification,42,3,3,0.8162616,0.816979,0.8561466,0.9208369
sub-cp017_ses-20210521_level-04B_run-009,sub-cp017,5,WITH_PERFORMANCE_AUXILIARY,HDC+OnlineHD Hybrid,HDC,classification,42,3,3,0.82792574,0.83335173,0.8540334,0.91619635
sub-cp022_ses-20210621_level-01B_run-001,sub-cp022,5,WITH_PERFORMANCE_AUXILIARY,HDC+OnlineHD Hybrid,HDC,classification,42,0,1,0.8308391,0.8513245,0.8456537,0.8291879
sub-cp022_ses-20210621_level-01B_run-007,sub-cp022,5,WITH_PERFORMANCE_AUXILIARY,HDC+OnlineHD Hybrid,HDC,classification,42,0,0,0.85077953,0.8461691,0.81182015,0.8154362
sub-cp022_ses-20210621_level-01B_run-012,sub-cp022,5,WITH_PERFORMANCE_AUXILIARY,HDC+OnlineHD Hybrid,HDC,classification,42,0,0,0.87994236,0.8782989,0.85472053,0.8257679
sub-cp022_ses-20210621_level-02B_run-003,sub-cp022,5,WITH_PERFORMANCE_AUXILIARY,HDC+OnlineHD Hybrid,HDC,classification,42,1,1,0.8507872,0.87021446,0.86404926,0.85128677
sub-cp022_ses-20210621_level-02B_run-008,sub-cp022,5,WITH_PERFORMANCE_AUXILIARY,HDC+OnlineHD Hybrid,HDC,classification,42,1,1,0.8240397,0.8499612,0.8428631,0.8153573
sub-cp022_ses-20210621_level-02B_run-010,sub-cp022,5,WITH_PERFORMANCE_AUXILIARY,HDC+OnlineHD Hybrid,HDC,classification,42,1,2,0.8353854,0.86291957,0.8652025,0.8508533
sub-cp022_ses-20210621_level-03B_run-002,sub-cp022,5,WITH_PERFORMANCE_AUXILIARY,HDC+OnlineHD Hybrid,HDC,classification,42,2,2,0.8167768,0.82504475,0.85815233,0.85186696
sub-cp022_ses-20210621_level-03B_run-005,sub-cp022,5,WITH_PERFORMANCE_AUXILIARY,HDC+OnlineHD Hybrid,HDC,classification,42,2,2,0.80828387,0.839312,0.8825979,0.84119785
sub-cp022_ses-20210621_level-03B_run-011,sub-cp022,5,WITH_PERFORMANCE_AUXILIARY,HDC+OnlineHD Hybrid,HDC,classification,42,2,2,0.83886045,0.84915566,0.89175576,0.87547314
sub-cp022_ses-20210621_level-04B_run-004,sub-cp022,5,WITH_PERFORMANCE_AUXILIARY,HDC+OnlineHD Hybrid,HDC,classification,42,3,3,0.82267046,0.8483142,0.8542863,0.8903953
sub-cp022_ses-20210621_level-04B_run-006,sub-cp022,5,WITH_PERFORMANCE_AUXILIARY,HDC+OnlineHD Hybrid,HDC,classification,42,3,3,0.8009421,0.8171211,0.8103615,0.86881924
sub-cp022_ses-20210621_level-04B_run-009,sub-cp022,5,WITH_PERFORMANCE_AUXILIARY,HDC+OnlineHD Hybrid,HDC,classification,42,3,3,0.79788566,0.81462663,0.86293864,0.8918516
sub-cp028_ses-20211214_level-01B_run-001,sub-cp028,5,WITH_PERFORMANCE_AUXILIARY,HDC+OnlineHD Hybrid,HDC,classification,42,0,1,0.8346592,0.83562434,0.7972872,0.73867357
sub-cp028_ses-20211214_level-01B_run-007,sub-cp028,5,WITH_PERFORMANCE_AUXILIARY,HDC+OnlineHD Hybrid,HDC,classification,42,0,0,0.87565625,0.8434032,0.81488645,0.7823471
sub-cp028_ses-20211214_level-01B_run-012,sub-cp028,5,WITH_PERFORMANCE_AUXILIARY,HDC+OnlineHD Hybrid,HDC,classification,42,0,0,0.83843726,0.8167558,0.7387891,0.7661746
sub-cp028_ses-20211214_level-02B_run-003,sub-cp028,5,WITH_PERFORMANCE_AUXILIARY,HDC+OnlineHD Hybrid,HDC,classification,42,1,1,0.8357824,0.9001732,0.87659997,0.7931245
sub-cp028_ses-20211214_level-02B_run-008,sub-cp028,5,WITH_PERFORMANCE_AUXILIARY,HDC+OnlineHD Hybrid,HDC,classification,42,1,1,0.87710303,0.8892553,0.85374004,0.79228365
sub-cp028_ses-20211214_level-02B_run-010,sub-cp028,5,WITH_PERFORMANCE_AUXILIARY,HDC+OnlineHD Hybrid,HDC,classification,42,1,1,0.8816479,0.8945445,0.8609199,0.79401135
sub-cp028_ses-20211214_level-03B_run-002,sub-cp028,5,WITH_PERFORMANCE_AUXILIARY,HDC+OnlineHD Hybrid,HDC,classification,42,2,2,0.80857766,0.867791,0.87940156,0.7849786
sub-cp028_ses-20211214_level-03B_run-005,sub-cp028,5,WITH_PERFORMANCE_AUXILIARY,HDC+OnlineHD Hybrid,HDC,classification,42,2,2,0.8444714,0.88347346,0.90152425,0.7988861
sub-cp028_ses-20211214_level-03B_run-011,sub-cp028,5,WITH_PERFORMANCE_AUXILIARY,HDC+OnlineHD Hybrid,HDC,classification,42,2,2,0.8256124,0.8679858,0.8775677,0.83073443
sub-cp028_ses-20211214_level-04B_run-004,sub-cp028,5,WITH_PERFORMANCE_AUXILIARY,HDC+OnlineHD Hybrid,HDC,classification,42,3,3,0.8133267,0.8100854,0.8595634,0.911914
sub-cp028_ses-20211214_level-04B_run-006,sub-cp028,5,WITH_PERFORMANCE_AUXILIARY,HDC+OnlineHD Hybrid,HDC,classification,42,3,3,0.8332416,0.81620616,0.87046,0.91064095
sub-cp028_ses-20211214_level-04B_run-009,sub-cp028,5,WITH_PERFORMANCE_AUXILIARY,HDC+OnlineHD Hybrid,HDC,classification,42,3,3,0.83334535,0.82109267,0.8735061,0.89941776
sub-cp030_ses-20211025_level-01B_run-001,sub-cp030,5,WITH_PERFORMANCE_AUXILIARY,HDC+OnlineHD Hybrid,HDC,classification,42,0,0,0.8505365,0.8321762,0.8181461,0.78231174
sub-cp030_ses-20211025_level-01B_run-007,sub-cp030,5,WITH_PERFORMANCE_AUXILIARY,HDC+OnlineHD Hybrid,HDC,classification,42,0,0,0.8517304,0.8179414,0.78868824,0.7552609
sub-cp030_ses-20211025_level-01B_run-012,sub-cp030,5,WITH_PERFORMANCE_AUXILIARY,HDC+OnlineHD Hybrid,HDC,classification,42,0,0,0.86319685,0.8297418,0.7811823,0.76048005
sub-cp030_ses-20211025_level-02B_run-003,sub-cp030,5,WITH_PERFORMANCE_AUXILIARY,HDC+OnlineHD Hybrid,HDC,classification,42,1,0,0.82271934,0.80137354,0.80695873,0.7677793
sub-cp030_ses-20211025_level-02B_run-008,sub-cp030,5,WITH_PERFORMANCE_AUXILIARY,HDC+OnlineHD Hybrid,HDC,classification,42,1,1,0.8374465,0.8738024,0.8541659,0.78652143
sub-cp030_ses-20211025_level-02B_run-010,sub-cp030,5,WITH_PERFORMANCE_AUXILIARY,HDC+OnlineHD Hybrid,HDC,classification,42,1,0,0.853568,0.8534106,0.8256555,0.7760287
sub-cp030_ses-20211025_level-03B_run-002,sub-cp030,5,WITH_PERFORMANCE_AUXILIARY,HDC+OnlineHD Hybrid,HDC,classification,42,2,1,0.78226006,0.8091394,0.8017519,0.80077726
sub-cp030_ses-20211025_level-03B_run-011,sub-cp030,5,WITH_PERFORMANCE_AUXILIARY,HDC+OnlineHD Hybrid,HDC,classification,42,2,2,0.8130101,0.84708714,0.8598633,0.8380067
sub-cp030_ses-20211025_level-04B_run-004,sub-cp030,5,WITH_PERFORMANCE_AUXILIARY,HDC+OnlineHD Hybrid,HDC,classification,42,3,3,0.7811915,0.7573729,0.7726577,0.81638867
sub-cp030_ses-20211025_level-04B_run-006,sub-cp030,5,WITH_PERFORMANCE_AUXILIARY,HDC+OnlineHD Hybrid,HDC,classification,42,3,3,0.7729641,0.7843018,0.79165864,0.842678
sub-cp030_ses-20211025_level-04B_run-009,sub-cp030,5,WITH_PERFORMANCE_AUXILIARY,HDC+OnlineHD Hybrid,HDC,classification,42,3,3,0.80542886,0.83609885,0.81292194,0.89598674
sub-cp032_ses-20211105_level-01B_run-001,sub-cp032,5,WITH_PERFORMANCE_AUXILIARY,HDC+OnlineHD Hybrid,HDC,classification,42,0,0,0.8763046,0.8590671,0.86940235,0.8055681
sub-cp032_ses-20211105_level-01B_run-007,sub-cp032,5,WITH_PERFORMANCE_AUXILIARY,HDC+OnlineHD Hybrid,HDC,classification,42,0,0,0.8748616,0.84643036,0.8502716,0.8035102
sub-cp032_ses-20211105_level-01B_run-012,sub-cp032,5,WITH_PERFORMANCE_AUXILIARY,HDC+OnlineHD Hybrid,HDC,classification,42,0,0,0.8931678,0.85586,0.84544075,0.8197916
sub-cp032_ses-20211105_level-02B_run-003,sub-cp032,5,WITH_PERFORMANCE_AUXILIARY,HDC+OnlineHD Hybrid,HDC,classification,42,1,1,0.859332,0.8735283,0.8582784,0.8259084
sub-cp032_ses-20211105_level-02B_run-008,sub-cp032,5,WITH_PERFORMANCE_AUXILIARY,HDC+OnlineHD Hybrid,HDC,classification,42,1,0,0.86886424,0.8638681,0.8574116,0.81795436
sub-cp032_ses-20211105_level-02B_run-010,sub-cp032,5,WITH_PERFORMANCE_AUXILIARY,HDC+OnlineHD Hybrid,HDC,classification,42,1,1,0.86916924,0.88495004,0.860745,0.8067041
sub-cp032_ses-20211105_level-03B_run-002,sub-cp032,5,WITH_PERFORMANCE_AUXILIARY,HDC+OnlineHD Hybrid,HDC,classification,42,2,2,0.83821326,0.88398707,0.9012591,0.80585164
sub-cp032_ses-20211105_level-03B_run-005,sub-cp032,5,WITH_PERFORMANCE_AUXILIARY,HDC+OnlineHD Hybrid,HDC,classification,42,2,2,0.84323806,0.8729243,0.88031614,0.81923205
sub-cp032_ses-20211105_level-03B_run-011,sub-cp032,5,WITH_PERFORMANCE_AUXILIARY,HDC+OnlineHD Hybrid,HDC,classification,42,2,2,0.85033375,0.8626793,0.8846955,0.83094907
sub-cp032_ses-20211105_level-04B_run-004,sub-cp032,5,WITH_PERFORMANCE_AUXILIARY,HDC+OnlineHD Hybrid,HDC,classification,42,3,3,0.82514256,0.8360539,0.874667,0.9103771
sub-cp032_ses-20211105_level-04B_run-006,sub-cp032,5,WITH_PERFORMANCE_AUXILIARY,HDC+OnlineHD Hybrid,HDC,classification,42,3,3,0.8134871,0.81285495,0.8456566,0.9094871
sub-cp032_ses-20211105_level-04B_run-009,sub-cp032,5,WITH_PERFORMANCE_AUXILIARY,HDC+OnlineHD Hybrid,HDC,classification,42,3,3,0.8246513,0.8240345,0.87607336,0.9038742
sub-cp035_ses-20220125_level-01B_run-001,sub-cp035,5,WITH_PERFORMANCE_AUXILIARY,HDC+OnlineHD Hybrid,HDC,classification,42,0,0,0.8719007,0.85552984,0.82754546,0.78896284
sub-cp035_ses-20220125_level-01B_run-007,sub-cp035,5,WITH_PERFORMANCE_AUXILIARY,HDC+OnlineHD Hybrid,HDC,classification,42,0,0,0.907458,0.85485435,0.842516,0.79124606
sub-cp035_ses-20220125_level-01B_run-012,sub-cp035,5,WITH_PERFORMANCE_AUXILIARY,HDC+OnlineHD Hybrid,HDC,classification,42,0,0,0.89768344,0.8486029,0.8455577,0.8083156
sub-cp035_ses-20220125_level-02B_run-003,sub-cp035,5,WITH_PERFORMANCE_AUXILIARY,HDC+OnlineHD Hybrid,HDC,classification,42,1,0,0.8759324,0.86727417,0.85308176,0.8082333
sub-cp035_ses-20220125_level-02B_run-008,sub-cp035,5,WITH_PERFORMANCE_AUXILIARY,HDC+OnlineHD Hybrid,HDC,classification,42,1,1,0.8626686,0.90986425,0.8901113,0.7935408
sub-cp035_ses-20220125_level-02B_run-010,sub-cp035,5,WITH_PERFORMANCE_AUXILIARY,HDC+OnlineHD Hybrid,HDC,classification,42,1,0,0.8756313,0.86656207,0.83642113,0.7965103
sub-cp035_ses-20220125_level-03B_run-002,sub-cp035,5,WITH_PERFORMANCE_AUXILIARY,HDC+OnlineHD Hybrid,HDC,classification,42,2,1,0.8107009,0.8335985,0.83279663,0.79101396
sub-cp035_ses-20220125_level-03B_run-005,sub-cp035,5,WITH_PERFORMANCE_AUXILIARY,HDC+OnlineHD Hybrid,HDC,classification,42,2,2,0.8468672,0.86580956,0.8936831,0.8247244
sub-cp035_ses-20220125_level-03B_run-011,sub-cp035,5,WITH_PERFORMANCE_AUXILIARY,HDC+OnlineHD Hybrid,HDC,classification,42,2,2,0.8480301,0.89165723,0.91805935,0.80167794
sub-cp035_ses-20220125_level-04B_run-004,sub-cp035,5,WITH_PERFORMANCE_AUXILIARY,HDC+OnlineHD Hybrid,HDC,classification,42,3,3,0.8066251,0.8163252,0.85068357,0.9141338
sub-cp035_ses-20220125_level-04B_run-006,sub-cp035,5,WITH_PERFORMANCE_AUXILIARY,HDC+OnlineHD Hybrid,HDC,classification,42,3,3,0.81637275,0.81849307,0.8734114,0.9250692
sub-cp035_ses-20220125_level-04B_run-009,sub-cp035,5,WITH_PERFORMANCE_AUXILIARY,HDC+OnlineHD Hybrid,HDC,classification,42,3,3,0.8114167,0.8218143,0.8652413,0.9168413
