subject_id,modality,classification_macro_f1,classification_severe_error_rate,regression_bounded_mae,regression_residual_mean,oof_runs
sub-cp003,physiological_features,0.16233766233766234,0.5,1.0759334804999998,0.043258377166666695,12
sub-cp004,physiological_features,0.4095238095238095,0.25,0.9359518466666668,0.29425569,12
sub-cp005,physiological_features,0.2403846153846154,0.5833333333333334,1.1454540995,-0.34407435049999996,12
sub-cp006,physiological_features,0.22698412698412698,0.4166666666666667,1.2414824974999998,0.3229985558333333,12
sub-cp008,physiological_features,0.20833333333333331,0.5,1.2099834791666666,0.13342476916666665,12
sub-cp009,physiological_features,0.475,0.4166666666666667,0.9842027913333334,-0.17972402200000007,12
sub-cp011,physiological_features,0.38636363636363635,0.4166666666666667,0.9740153965,0.5421820258333333,12
sub-cp012,physiological_features,0.18333333333333335,0.3333333333333333,1.1064330483333331,0.5661032136666667,12
sub-cp013,physiological_features,0.23392857142857143,0.4166666666666667,0.7765579860000001,-0.067022808,12
sub-cp014,physiological_features,0.175,0.5,0.417248036,0.09581111733333335,12
sub-cp015,physiological_features,0.47500000000000003,0.25,1.4504413811666665,0.6208419978333333,12
sub-cp016,physiological_features,0.6458333333333333,0.16666666666666666,0.5596534553333333,0.12383372633333341,12
sub-cp017,physiological_features,0.28253968253968254,0.16666666666666666,1.1513362766666666,-0.10605170333333351,12
sub-cp018,physiological_features,0.4484126984126984,0.3333333333333333,1.1889041016666668,0.8994746683333336,12
sub-cp019,physiological_features,0.3125,0.08333333333333333,1.2587313223333334,-0.3485023656666666,12
sub-cp020,physiological_features,0.42857142857142855,0.16666666666666666,0.8838952303333335,0.47313468566666667,12
sub-cp022,physiological_features,0.225,0.25,0.7508330446666666,-0.05976398533333327,12
sub-cp023,physiological_features,0.17424242424242425,0.25,1.1837417576666667,0.1596978023333334,12
sub-cp024,physiological_features,0.3833333333333333,0.4166666666666667,1.4668868683333331,0.31893043166666674,12
sub-cp025,physiological_features,0.2153846153846154,0.16666666666666666,1.0878527883333335,-0.5772363716666667,12
sub-cp026,physiological_features,0.375,0.16666666666666666,0.7290079676666666,0.052410365666666715,12
sub-cp027,physiological_features,0.3589285714285714,0.16666666666666666,1.0078121500000001,0.04853656333333334,12
sub-cp028,physiological_features,0.3234126984126984,0.25,0.8985801169999998,0.506760102,12
sub-cp029,physiological_features,0.41111111111111115,0.3333333333333333,0.8391491525,-0.013376624166666665,12
sub-cp030,physiological_features,0.3159090909090909,0.45454545454545453,1.1395302181818183,-0.30032336000000004,11
sub-cp031,physiological_features,0.1736111111111111,0.3333333333333333,1.2313469491666666,0.17330576583333335,12
sub-cp032,physiological_features,0.30000000000000004,0.25,0.8787700625,-0.5344942524999999,12
sub-cp033,physiological_features,0.3392857142857143,0.5,0.787695374,-0.24012647600000003,12
sub-cp035,physiological_features,0.1,0.08333333333333333,0.9045745531666666,0.3568045768333333,12
sub-cp036,physiological_features,0.22916666666666666,0.16666666666666666,0.7131849065410001,-0.19485303345900004,12
sub-cp037,physiological_features,0.08333333333333333,0.5,1.0388599143333335,0.3324621823333334,12
sub-cp038,physiological_features,0.25396825396825395,0.16666666666666666,1.0263797256666667,0.21590138333333342,12
sub-cp039,physiological_features,0.24285714285714285,0.25,1.0135172163333335,-0.3436730983333334,12
sub-cp042,physiological_features,0.12698412698412698,0.4166666666666667,1.2292901066666668,-0.17603569999999993,12
sub-cp043,physiological_features,0.3333333333333333,0.3333333333333333,1.1010846276666666,-0.36100401899999995,12
sub-cp003,eye_tracking_features,0.1,0.25,1.0000088500000002,0.5000177,12
sub-cp004,eye_tracking_features,0.5773809523809523,0.08333333333333333,0.9531836166666666,0.89267767,12
sub-cp005,eye_tracking_features,0.30833333333333335,0.25,0.8080423983333334,0.04354229499999999,12
sub-cp006,eye_tracking_features,0.20833333333333331,0.08333333333333333,0.7668062633333333,-0.21501867999999993,12
sub-cp008,eye_tracking_features,0.3638888888888889,0.25,0.6118116450000001,-0.40262087500000004,12
sub-cp009,eye_tracking_features,0.28253968253968254,0.5,1.1223877983333332,-0.135333315,12
sub-cp011,eye_tracking_features,0.2698412698412698,0.3333333333333333,0.794901505,0.24245242833333328,12
sub-cp012,eye_tracking_features,0.6583333333333333,0.0,0.3259339916666666,-0.20556802833333335,12
sub-cp013,eye_tracking_features,0.20192307692307693,0.5,0.8735017699999998,0.3544083533333335,12
sub-cp014,eye_tracking_features,0.19444444444444442,0.25,0.8043190075000002,0.3583656525,12
sub-cp015,eye_tracking_features,0.42500000000000004,0.08333333333333333,0.8487624183333334,0.2744611783333332,12
sub-cp016,eye_tracking_features,0.4363636363636364,0.3333333333333333,0.78579772,-0.5578925166666665,12
sub-cp017,eye_tracking_features,0.3214285714285714,0.3333333333333333,0.6828281383333333,-0.28612600166666674,12
sub-cp018,eye_tracking_features,0.23214285714285715,0.25,1.2688237483333333,-0.9176640483333331,12
sub-cp019,eye_tracking_features,0.3601190476190476,0.16666666666666666,0.6552950716666667,0.5873702416666667,12
sub-cp020,eye_tracking_features,0.3125,0.16666666666666666,0.9175635211666667,0.7740338365000001,12
sub-cp022,eye_tracking_features,0.23636363636363636,0.25,0.9230602033333332,-0.6561829166666667,12
sub-cp023,eye_tracking_features,0.21428571428571427,0.08333333333333333,0.583316315,-0.5554684350000001,12
sub-cp024,eye_tracking_features,0.0,0.16666666666666666,0.77810705,-0.35834718,12
sub-cp025,eye_tracking_features,0.47916666666666663,0.08333333333333333,0.5997697333333334,-0.4200102433333333,12
sub-cp026,eye_tracking_features,0.41428571428571426,0.08333333333333333,0.69845639,-0.16122151666666665,12
sub-cp027,eye_tracking_features,0.3111111111111111,0.0,0.7259835283333332,-0.09796007166666665,12
sub-cp028,eye_tracking_features,0.6027777777777779,0.25,0.8391142383333333,0.09554333166666669,12
sub-cp029,eye_tracking_features,0.375,0.0,0.8811813923333333,0.5963436889999999,12
sub-cp030,eye_tracking_features,0.11538461538461539,0.45454545454545453,1.1258335703636364,1.0851531085454544,11
sub-cp031,eye_tracking_features,0.09090909090909091,0.3333333333333333,0.8435218109999999,0.5917338943333333,12
sub-cp032,eye_tracking_features,0.2833333333333333,0.3333333333333333,0.8861811583333332,-0.44584970166666676,12
sub-cp033,eye_tracking_features,0.29166666666666663,0.25,0.7762947499999999,-0.34742853666666657,12
sub-cp035,eye_tracking_features,0.09090909090909091,0.3333333333333333,1.0102285899999999,-0.41096445666666676,12
sub-cp036,eye_tracking_features,0.29924242424242425,0.4166666666666667,1.0413063718333333,0.5301333861666667,12
sub-cp037,eye_tracking_features,0.5277777777777777,0.0,0.5157208316666667,0.26231692833333337,12
sub-cp038,eye_tracking_features,0.36388888888888893,0.4166666666666667,0.9632858243333334,0.1116378076666666,12
sub-cp039,eye_tracking_features,0.125,0.4166666666666667,1.3400779300000003,-1.1364997233333334,12
sub-cp042,eye_tracking_features,0.1736111111111111,0.4166666666666667,1.0199654983333335,0.10443100499999998,12
sub-cp043,eye_tracking_features,0.14583333333333331,0.25,0.9092065033333334,0.3763921233333334,12
sub-cp003,head_movement_features,0.5863636363636364,0.08333333333333333,0.9058891366666666,-0.3925476733333333,12
sub-cp004,head_movement_features,0.35833333333333334,0.25,0.7445072774999999,-0.21522200083333332,12
sub-cp005,head_movement_features,0.07142857142857142,0.3333333333333333,1.2189636449999999,0.10211567166666664,12
sub-cp006,head_movement_features,0.5363636363636364,0.16666666666666666,0.7758112608333333,0.23922506583333336,12
sub-cp008,head_movement_features,0.1111111111111111,0.25,0.9287903933333336,0.35617679333333335,12
sub-cp009,head_movement_features,0.3666666666666667,0.3333333333333333,1.0882251533333334,-0.4355548500000001,12
sub-cp011,head_movement_features,0.5595238095238095,0.16666666666666666,0.8554614641666668,0.5101151588333334,12
sub-cp012,head_movement_features,0.3392857142857143,0.3333333333333333,0.8040813283333333,0.16565149833333329,12
sub-cp013,head_movement_features,0.3464285714285714,0.3333333333333333,1.03176672,0.12193216666666666,12
sub-cp014,head_movement_features,0.29642857142857143,0.08333333333333333,0.53642325,0.3604824166666665,12
sub-cp015,head_movement_features,0.2111111111111111,0.16666666666666666,0.6610995466666667,0.02214474666666662,12
sub-cp016,head_movement_features,0.32619047619047614,0.16666666666666666,0.8918119149999998,-0.32592593166666645,12
sub-cp017,head_movement_features,0.17692307692307693,0.5,1.067260825,-0.6854774849999998,12
sub-cp018,head_movement_features,0.23214285714285715,0.4166666666666667,1.1203186433333334,-0.5369300166666666,12
sub-cp019,head_movement_features,0.3142857142857143,0.3333333333333333,1.0609801833333332,0.15680543333333333,12
sub-cp020,head_movement_features,0.525,0.08333333333333333,0.6799847023333333,0.2182384243333334,12
sub-cp022,head_movement_features,0.4363636363636364,0.16666666666666666,0.632443945,0.18986648833333328,12
sub-cp023,head_movement_features,0.3653846153846154,0.16666666666666666,0.7562279049999999,0.6640379083333333,12
sub-cp024,head_movement_features,0.2361111111111111,0.3333333333333333,1.2047931991666665,0.6982817808333333,12
sub-cp025,head_movement_features,0.2976190476190476,0.3333333333333333,0.7738987733333333,0.17471482333333324,12
sub-cp026,head_movement_features,0.275,0.4166666666666667,1.0755733849999998,-1.0439975916666664,12
sub-cp027,head_movement_features,0.30833333333333335,0.16666666666666666,0.8996392433333332,-0.09447870666666669,12
sub-cp028,head_movement_features,0.2792207792207792,0.08333333333333333,0.6645477383333335,0.030358571666666667,12
sub-cp029,head_movement_features,0.35119047619047616,0.0,0.642524625,0.2256245749999999,12
sub-cp030,head_movement_features,0.1875,0.36363636363636365,0.953638070909091,0.12298274363636365,11
sub-cp031,head_movement_features,0.5,0.0,0.849086345,-0.37801913833333334,12
sub-cp032,head_movement_features,0.20833333333333331,0.25,1.459567775,-1.2953298416666665,12
sub-cp033,head_movement_features,0.29444444444444445,0.16666666666666666,0.9395724311666666,0.39363288449999995,12
sub-cp035,head_movement_features,0.1,0.25,0.9472502766666664,-0.46904934666666653,12
sub-cp036,head_movement_features,0.375,0.08333333333333333,0.9345638483333335,0.300259935,12
sub-cp037,head_movement_features,0.5857142857142856,0.08333333333333333,0.6106770116666668,0.04193241833333331,12
sub-cp038,head_movement_features,0.2986111111111111,0.25,0.9088940326666665,0.5825223873333333,12
sub-cp039,head_movement_features,0.17142857142857143,0.4166666666666667,0.8748802916666666,0.5047473383333333,12
sub-cp042,head_movement_features,0.2153846153846154,0.5,0.9402993000000001,0.4674188050000001,12
sub-cp043,head_movement_features,0.42500000000000004,0.16666666666666666,0.7429680476666666,0.14699947566666663,12
sub-cp003,flight_parameter_features,1.0,0.0,0.08451118333333331,-0.06600675999999996,12
sub-cp004,flight_parameter_features,1.0,0.0,0.08077420599999989,0.015513830666666673,12
sub-cp005,flight_parameter_features,0.7476190476190476,0.0,0.23875792333333337,-0.16113121666666663,12
sub-cp006,flight_parameter_features,1.0,0.0,0.19809316433333332,0.022981195666666714,12
sub-cp008,flight_parameter_features,1.0,0.0,0.21066621500000005,0.05702371833333334,12
sub-cp009,flight_parameter_features,0.7416666666666667,0.0,0.36753071666666665,0.15851623666666664,12
sub-cp011,flight_parameter_features,0.7428571428571429,0.0,0.4659001766666666,-0.07984900333333338,12
sub-cp012,flight_parameter_features,1.0,0.0,0.13480234000000005,-0.12046133666666664,12
sub-cp013,flight_parameter_features,0.4380952380952381,0.16666666666666666,0.7626323016666667,-0.4602500783333332,12
sub-cp014,flight_parameter_features,1.0,0.0,0.17288689000000002,-0.01948521666666671,12
sub-cp015,flight_parameter_features,0.8375,0.08333333333333333,0.234829796,0.14726430733333337,12
sub-cp016,flight_parameter_features,1.0,0.0,0.14397124833333344,0.06551080166666672,12
sub-cp017,flight_parameter_features,1.0,0.0,0.10428761500000004,-0.04873552500000002,12
sub-cp018,flight_parameter_features,1.0,0.0,0.08480975166666667,0.020971081666666575,12
sub-cp019,flight_parameter_features,1.0,0.0,0.2539983826666667,0.13047970066666661,12
sub-cp020,flight_parameter_features,0.8125,0.0,0.21640644333333334,-0.1551700699999999,12
sub-cp022,flight_parameter_features,0.9142857142857143,0.0,0.3097038516666667,-0.11916122833333327,12
sub-cp023,flight_parameter_features,0.8309523809523809,0.08333333333333333,0.43763978500000006,0.039338648333333316,12
sub-cp024,flight_parameter_features,0.6476190476190476,0.0,0.30986339949999997,0.22760853383333332,12
sub-cp025,flight_parameter_features,0.9142857142857143,0.0,0.0846784713333333,0.04455314866666665,12
sub-cp026,flight_parameter_features,0.9142857142857143,0.0,0.10982457783333333,0.047085478833333326,12
sub-cp027,flight_parameter_features,1.0,0.0,0.09511148666666673,0.04346751000000004,12
sub-cp028,flight_parameter_features,0.9142857142857143,0.0,0.18588016166666663,0.019385851666666714,12
sub-cp029,flight_parameter_features,1.0,0.0,0.1548567376666666,0.012215122333333309,12
sub-cp030,flight_parameter_features,0.9142857142857143,0.0,0.19018828727272724,0.032288923636363646,11
sub-cp031,flight_parameter_features,0.9142857142857143,0.0,0.19271415833333336,0.07269145500000003,12
sub-cp032,flight_parameter_features,0.8125,0.0,0.26845259499999996,0.014719121666666632,12
sub-cp033,flight_parameter_features,0.7309523809523809,0.0,0.3955340316666666,-0.029975034999999945,12
sub-cp035,flight_parameter_features,0.9142857142857143,0.0,0.17998790883333335,-0.07484207883333337,12
sub-cp036,flight_parameter_features,0.47916666666666663,0.0,0.3633965066666666,0.09929805666666665,12
sub-cp037,flight_parameter_features,1.0,0.0,0.15630403666666673,0.008154610000000007,12
sub-cp038,flight_parameter_features,0.4666666666666667,0.0,0.49656697666666677,0.19730413000000005,12
sub-cp039,flight_parameter_features,0.25,0.08333333333333333,0.8357301733333333,-0.44738415333333337,12
sub-cp042,flight_parameter_features,0.9142857142857143,0.0,0.2688217366666667,0.061870846666666646,12
sub-cp043,flight_parameter_features,1.0,0.0,0.34282577666666664,-0.011488683333333341,12
sub-cp003,body_movement,0.1,0.5,0.9999999999999999,-0.029436919999999794,12
sub-cp004,body_movement,0.36136363636363633,0.4166666666666667,0.9541407463333332,0.31841181033333327,12
sub-cp005,body_movement,0.19444444444444442,0.5,1.3607952476666665,0.22411705766666679,12
sub-cp006,body_movement,0.18333333333333335,0.4166666666666667,1.2523377966666667,-0.08191042666666674,12
sub-cp008,body_movement,0.1625,0.4166666666666667,0.782539125,0.37419932833333336,12
sub-cp009,body_movement,0.1,0.5,1.0,-0.02939623999999963,12
sub-cp011,body_movement,0.3125,0.3333333333333333,0.9779075546666666,0.31624175200000004,12
sub-cp012,body_movement,0.1,0.25,0.8631784633333334,-0.0608627633333334,12
sub-cp013,body_movement,0.11688311688311688,0.6666666666666666,1.0564887856666667,0.914151919,12
sub-cp014,body_movement,0.23214285714285715,0.25,0.6463415536666667,0.2018172696666666,12
sub-cp015,body_movement,0.1,0.25,1.1987137105,0.15557514716666676,12
sub-cp016,body_movement,0.1,0.25,1.2156815066666669,0.1015646433333333,12
sub-cp017,body_movement,0.2111111111111111,0.3333333333333333,0.6597609204999999,-0.16219273716666674,12
sub-cp018,body_movement,0.1,0.25,0.8801418233333335,0.4847198933333334,12
sub-cp019,body_movement,0.1,0.25,1.1931145566666668,-0.053980849999999934,12
sub-cp020,body_movement,0.1,0.25,0.9675560383333334,-0.3195511916666665,12
sub-cp022,body_movement,0.08333333333333333,0.25,0.8528178906666669,-0.16177985400000003,12
sub-cp023,body_movement,0.11538461538461539,0.4166666666666667,1.372508564333333,1.2580887576666666,12
sub-cp024,body_movement,0.045454545454545456,0.4166666666666667,1.1813317191666666,0.03371307583333335,12
sub-cp025,body_movement,0.2,0.16666666666666666,1.0657253526666668,0.21359178266666676,12
sub-cp026,body_movement,0.20833333333333331,0.25,1.113525065,0.38522319833333335,12
sub-cp027,body_movement,0.16666666666666666,0.3333333333333333,0.9718462401666668,0.5241566065,12
sub-cp028,body_movement,0.1,0.3333333333333333,1.2072418321666667,0.3864645855,12
sub-cp029,body_movement,0.1,0.25,0.8648099133333331,-0.34544208333333337,12
sub-cp030,body_movement,0.25,0.2727272727272727,0.9075645145454545,0.16672545272727268,11
sub-cp031,body_movement,0.24285714285714285,0.16666666666666666,1.1024348366666665,-0.4231619566666666,12
sub-cp032,body_movement,0.16233766233766234,0.3333333333333333,0.9034760033333334,0.43994295000000005,12
sub-cp033,body_movement,0.21969696969696967,0.4166666666666667,1.1610116651666667,0.3901782151666666,12
sub-cp035,body_movement,0.29642857142857143,0.08333333333333333,0.9300936483333335,-0.12596045500000008,12
sub-cp036,body_movement,0.10714285714285714,0.3333333333333333,0.9700074803333334,0.5289419276666667,12
sub-cp037,body_movement,0.045454545454545456,0.4166666666666667,1.2404179316666666,-0.9185192916666667,12
sub-cp038,body_movement,0.07692307692307693,0.5,0.9702147066666665,-0.10673215666666673,12
sub-cp039,body_movement,0.08333333333333333,0.3333333333333333,1.142154495,0.43400989500000003,12
sub-cp042,body_movement,0.1,0.25,0.9160128000000002,-0.27421255666666666,12
sub-cp043,body_movement,0.08333333333333333,0.25,1.0206646,0.4573332433333333,12
