scope,run_key,field,existing_value,verified_value,severity,evidence,interpretation
run_modality,sub-cp003_ses-20210206_level-000_run-001,has_eye_tracking,True,False,high,No qualifying content evidence.,Existing filename-based availability differs from content-verified availability.
run_modality,sub-cp003_ses-20210206_level-000_run-002,has_eye_tracking,True,False,high,No qualifying content evidence.,Existing filename-based availability differs from content-verified availability.
run_modality,sub-cp003_ses-20210206_level-000_run-002,has_head_movement,True,False,high,No qualifying content evidence.,Existing filename-based availability differs from content-verified availability.
run_modality,sub-cp003_ses-20210206_level-000_run-002,has_xplane,True,False,high,No qualifying content evidence.,Existing filename-based availability differs from content-verified availability.
run_modality,sub-cp003_ses-20210206_level-01B_run-001,has_eye_tracking,True,False,high,No qualifying content evidence.,Existing filename-based availability differs from content-verified availability.
run_modality,sub-cp003_ses-20210206_level-01B_run-007,has_eye_tracking,True,False,high,No qualifying content evidence.,Existing filename-based availability differs from content-verified availability.
run_modality,sub-cp003_ses-20210206_level-01B_run-012,has_eye_tracking,True,False,high,No qualifying content evidence.,Existing filename-based availability differs from content-verified availability.
run_modality,sub-cp003_ses-20210206_level-02B_run-003,has_eye_tracking,True,False,high,No qualifying content evidence.,Existing filename-based availability differs from content-verified availability.
run_modality,sub-cp003_ses-20210206_level-02B_run-008,has_eye_tracking,True,False,high,No qualifying content evidence.,Existing filename-based availability differs from content-verified availability.
run_modality,sub-cp003_ses-20210206_level-02B_run-010,has_eye_tracking,True,False,high,No qualifying content evidence.,Existing filename-based availability differs from content-verified availability.
run_modality,sub-cp003_ses-20210206_level-03B_run-002,has_eye_tracking,True,False,high,No qualifying content evidence.,Existing filename-based availability differs from content-verified availability.
run_modality,sub-cp003_ses-20210206_level-03B_run-005,has_eye_tracking,True,False,high,No qualifying content evidence.,Existing filename-based availability differs from content-verified availability.
run_modality,sub-cp003_ses-20210206_level-03B_run-011,has_eye_tracking,True,False,high,No qualifying content evidence.,Existing filename-based availability differs from content-verified availability.
run_modality,sub-cp003_ses-20210206_level-04B_run-004,has_eye_tracking,True,False,high,No qualifying content evidence.,Existing filename-based availability differs from content-verified availability.
run_modality,sub-cp003_ses-20210206_level-04B_run-006,has_eye_tracking,True,False,high,No qualifying content evidence.,Existing filename-based availability differs from content-verified availability.
run_modality,sub-cp003_ses-20210206_level-04B_run-009,has_eye_tracking,True,False,high,No qualifying content evidence.,Existing filename-based availability differs from content-verified availability.
run_modality,sub-cp009_ses-20210129_level-000_run-001,has_ecg,True,False,high,No qualifying content evidence.,Existing filename-based availability differs from content-verified availability.
run_modality,sub-cp009_ses-20210129_level-000_run-001,has_eda,True,False,high,No qualifying content evidence.,Existing filename-based availability differs from content-verified availability.
run_modality,sub-cp009_ses-20210129_level-000_run-001,has_respiration,True,False,high,No qualifying content evidence.,Existing filename-based availability differs from content-verified availability.
run_modality,sub-cp009_ses-20210129_level-01B_run-001,has_ecg,True,False,high,No qualifying content evidence.,Existing filename-based availability differs from content-verified availability.
run_modality,sub-cp009_ses-20210129_level-01B_run-001,has_eda,True,False,high,No qualifying content evidence.,Existing filename-based availability differs from content-verified availability.
run_modality,sub-cp009_ses-20210129_level-01B_run-001,has_respiration,True,False,high,No qualifying content evidence.,Existing filename-based availability differs from content-verified availability.
run_modality,sub-cp009_ses-20210129_level-02B_run-003,has_ecg,True,False,high,No qualifying content evidence.,Existing filename-based availability differs from content-verified availability.
run_modality,sub-cp009_ses-20210129_level-02B_run-003,has_eda,True,False,high,No qualifying content evidence.,Existing filename-based availability differs from content-verified availability.
run_modality,sub-cp009_ses-20210129_level-02B_run-003,has_respiration,True,False,high,No qualifying content evidence.,Existing filename-based availability differs from content-verified availability.
run_modality,sub-cp009_ses-20210129_level-03B_run-002,has_ecg,True,False,high,No qualifying content evidence.,Existing filename-based availability differs from content-verified availability.
run_modality,sub-cp009_ses-20210129_level-03B_run-002,has_eda,True,False,high,No qualifying content evidence.,Existing filename-based availability differs from content-verified availability.
run_modality,sub-cp009_ses-20210129_level-03B_run-002,has_respiration,True,False,high,No qualifying content evidence.,Existing filename-based availability differs from content-verified availability.
run_modality,sub-cp009_ses-20210129_level-04B_run-004,has_ecg,True,False,high,No qualifying content evidence.,Existing filename-based availability differs from content-verified availability.
run_modality,sub-cp009_ses-20210129_level-04B_run-004,has_eda,True,False,high,No qualifying content evidence.,Existing filename-based availability differs from content-verified availability.
run_modality,sub-cp009_ses-20210129_level-04B_run-004,has_respiration,True,False,high,No qualifying content evidence.,Existing filename-based availability differs from content-verified availability.
run_modality,sub-cp026_ses-20210716_level-000_run-001,has_eye_tracking,True,False,high,No qualifying content evidence.,Existing filename-based availability differs from content-verified availability.
run_modality,sub-cp027_ses-20210722_level-000_run-001,has_eye_tracking,True,False,high,No qualifying content evidence.,Existing filename-based availability differs from content-verified availability.
run_modality,sub-cp027_ses-20210722_level-01B_run-001,has_eye_tracking,True,False,high,No qualifying content evidence.,Existing filename-based availability differs from content-verified availability.
run_modality,sub-cp027_ses-20210722_level-03B_run-002,has_eye_tracking,True,False,high,No qualifying content evidence.,Existing filename-based availability differs from content-verified availability.
run_modality,sub-cp028_ses-20211214_level-000_run-002,has_emg,True,False,high,No qualifying content evidence.,Existing filename-based availability differs from content-verified availability.
run_modality,sub-cp028_ses-20211214_level-01B_run-012,has_emg,True,False,high,No qualifying content evidence.,Existing filename-based availability differs from content-verified availability.
run_modality,sub-cp042_ses-20220111_level-000_run-001,has_emg,True,False,high,No qualifying content evidence.,Existing filename-based availability differs from content-verified availability.
modality_label,,lslshimmertorsoacc classification,unknown (908 files including data and metadata pairs),torso_body_accelerometer (454 data files with explicit torso acceleration columns),medium,DataDictionary.pdf section 'Stream: ACC' and accelerometry_torso_x/y/z_mps2 CSV columns.,The label was conservative but is now resolvable from supplied metadata and content.
missing_run_directory,sub-cp009_ses-20210129_level-000_run-002,raw_run_directory,not explicitly reported,absent,high,No directory exists for this task/run; absent relative to the repeated schedule.,A run expected from the repeated raw-data schedule has no source directory.
missing_run_directory,sub-cp030_ses-20211025_level-03B_run-005,raw_run_directory,not explicitly reported,absent,high,No directory exists for this task/run; absent relative to the repeated schedule.,A run expected from the repeated raw-data schedule has no source directory.
missing_run_directory,sub-cp031_ses-20211216_level-01B_run-012,raw_run_directory,not explicitly reported,absent,medium,"Expected difficulty/run combination is absent, but the same task/run exists under another difficulty.",The expected difficulty/run combination is replaced by the same run under another difficulty.
missing_run_directory,sub-cp036_ses-20211218_level-000_run-002,raw_run_directory,not explicitly reported,absent,high,No directory exists for this task/run; absent relative to the repeated schedule.,A run expected from the repeated raw-data schedule has no source directory.
schedule_identifier,sub-cp031_ses-20211216_level-02B_run-012,difficulty_level/run_id mapping,accepted as-is,unexpected but internally consistent,medium,"Directory, filenames, per-run performance file, and PerfMetrics.csv all identify run 012 as difficulty 2 for cp031.","This is not a filename-only typo, but it differs from the schedule used for other subjects."
