model_key,model,task,subject_id,seed_count,seed_mean,seed_sd_sample,seed_min,seed_max,seed_range,seed_instability_flag_top_quartile
hdc_classification,HDC,classification,sub-cp003,5,1.0,0.0,1.0,1.0,0.0,False
hdc_classification,HDC,classification,sub-cp004,5,0.9140476190476191,0.10546436567060863,0.7416666666666667,1.0,0.2583333333333333,False
hdc_classification,HDC,classification,sub-cp005,5,0.7255952380952382,0.06969117168214954,0.6488095238095238,0.8285714285714286,0.1797619047619048,False
hdc_classification,HDC,classification,sub-cp006,5,0.8990476190476191,0.1367918789277696,0.6666666666666666,1.0,0.33333333333333337,True
hdc_classification,HDC,classification,sub-cp008,5,0.9657142857142856,0.046947647786157114,0.9142857142857143,1.0,0.08571428571428574,False
hdc_classification,HDC,classification,sub-cp009,5,0.6553571428571429,0.13748067272947737,0.4809523809523809,0.8375,0.3565476190476191,True
hdc_classification,HDC,classification,sub-cp011,5,0.7327380952380953,0.17495241497524103,0.5208333333333333,0.9142857142857143,0.393452380952381,True
hdc_classification,HDC,classification,sub-cp012,5,0.8980952380952381,0.0705782722727526,0.830952380952381,1.0,0.169047619047619,False
hdc_classification,HDC,classification,sub-cp013,5,0.5173809523809524,0.03581681710810026,0.49702380952380953,0.580952380952381,0.08392857142857146,False
hdc_classification,HDC,classification,sub-cp014,5,1.0,0.0,1.0,1.0,0.0,False
hdc_classification,HDC,classification,sub-cp015,5,0.8208333333333334,0.03726779962499652,0.7541666666666667,0.8375,0.08333333333333337,False
hdc_classification,HDC,classification,sub-cp016,5,0.9675,0.07267220926874315,0.8375,1.0,0.16249999999999998,False
hdc_classification,HDC,classification,sub-cp017,5,0.8665476190476191,0.12566179685253837,0.6666666666666666,1.0,0.33333333333333337,True
hdc_classification,HDC,classification,sub-cp018,5,0.9282142857142857,0.07759539882214246,0.8125,1.0,0.1875,False
hdc_classification,HDC,classification,sub-cp019,5,0.9332142857142858,0.06855375516292869,0.8375,1.0,0.16249999999999998,False
hdc_classification,HDC,classification,sub-cp020,5,0.8125,0.0,0.8125,0.8125,0.0,False
hdc_classification,HDC,classification,sub-cp022,5,0.7073809523809524,0.13434037219282607,0.5642857142857143,0.830952380952381,0.2666666666666667,True
hdc_classification,HDC,classification,sub-cp023,5,0.8272619047619048,0.06564426480000969,0.7291666666666666,0.9142857142857144,0.18511904761904774,False
hdc_classification,HDC,classification,sub-cp024,5,0.7011904761904761,0.08471118566827089,0.625,0.8309523809523809,0.2059523809523809,False
hdc_classification,HDC,classification,sub-cp025,5,0.8835714285714287,0.042057267808432386,0.8375,0.9142857142857144,0.07678571428571435,False
hdc_classification,HDC,classification,sub-cp026,5,0.9282142857142859,0.07759539882214246,0.8125,1.0,0.1875,False
hdc_classification,HDC,classification,sub-cp027,5,0.9282142857142859,0.07759539882214245,0.8125,1.0,0.1875,False
hdc_classification,HDC,classification,sub-cp028,5,0.8509523809523808,0.06519637178113546,0.7595238095238095,0.9142857142857143,0.15476190476190477,False
hdc_classification,HDC,classification,sub-cp029,5,1.0,0.0,1.0,1.0,0.0,False
hdc_classification,HDC,classification,sub-cp030,5,0.8652380952380951,0.05378034659866099,0.8041666666666667,0.9142857142857143,0.11011904761904756,False
hdc_classification,HDC,classification,sub-cp031,5,0.9142857142857143,0.0,0.9142857142857143,0.9142857142857143,0.0,False
hdc_classification,HDC,classification,sub-cp032,5,0.819047619047619,0.12194466074185745,0.6166666666666667,0.9142857142857143,0.29761904761904756,True
hdc_classification,HDC,classification,sub-cp033,5,0.5492857142857142,0.06553893097940262,0.4392857142857143,0.6071428571428571,0.16785714285714282,False
hdc_classification,HDC,classification,sub-cp035,5,0.8186904761904762,0.09125661998786706,0.6666666666666666,0.9142857142857143,0.24761904761904763,False
hdc_classification,HDC,classification,sub-cp036,5,0.5209632034632035,0.1247303856627884,0.3375,0.6666666666666666,0.3291666666666666,True
hdc_classification,HDC,classification,sub-cp037,5,1.0,0.0,1.0,1.0,0.0,False
hdc_classification,HDC,classification,sub-cp038,5,0.49749999999999994,0.10959204654839995,0.35,0.6541666666666666,0.3041666666666666,True
hdc_classification,HDC,classification,sub-cp039,5,0.3354473304473304,0.07684289485030812,0.20833333333333331,0.41666666666666663,0.20833333333333331,False
hdc_classification,HDC,classification,sub-cp042,5,0.8717857142857144,0.106922392225313,0.7267857142857143,1.0,0.27321428571428574,False
hdc_classification,HDC,classification,sub-cp043,5,0.7591666666666667,0.15041491179936245,0.5833333333333333,0.9142857142857144,0.3309523809523811,True
hdc_regression,HDC,regression,sub-cp003,5,0.08757815833333331,0.0114144852699885,0.07796179166666667,0.1073802333333333,0.029418441666666628,False
hdc_regression,HDC,regression,sub-cp004,5,0.133594335,0.016394914371461344,0.10749513333333331,0.15059505833333342,0.04309992500000011,False
hdc_regression,HDC,regression,sub-cp005,5,0.2752398983333334,0.02052403245819685,0.2613061583333333,0.31053295833333333,0.049226800000000015,False
hdc_regression,HDC,regression,sub-cp006,5,0.17972412833333332,0.03589161857945641,0.13509790000000002,0.21745354166666667,0.08235564166666665,True
hdc_regression,HDC,regression,sub-cp008,5,0.20166035666666665,0.03067586330863938,0.1702795083333333,0.247462775,0.0771832666666667,False
hdc_regression,HDC,regression,sub-cp009,5,0.3592690316666666,0.03240056314736312,0.33391209166666663,0.4033999666666667,0.06948787500000009,False
hdc_regression,HDC,regression,sub-cp011,5,0.29479252999999994,0.04568589671123545,0.24943164166666665,0.36846591666666667,0.11903427500000002,True
hdc_regression,HDC,regression,sub-cp012,5,0.18455712333333335,0.03570898916005654,0.12953905833333332,0.22766608333333335,0.09812702500000003,True
hdc_regression,HDC,regression,sub-cp013,5,0.7132898183333334,0.04243776475537003,0.6640439583333334,0.7701548666666665,0.10611090833333314,True
hdc_regression,HDC,regression,sub-cp014,5,0.26896170666666663,0.029251498656441974,0.23209149999999998,0.30609165,0.07400015000000001,False
hdc_regression,HDC,regression,sub-cp015,5,0.24630229833333334,0.030307613305000293,0.20603781666666668,0.2891599166666667,0.0831221,False
hdc_regression,HDC,regression,sub-cp016,5,0.2128634133333333,0.026548248251073162,0.18684975000000004,0.24979488333333325,0.06294513333333321,False
hdc_regression,HDC,regression,sub-cp017,5,0.11730619333333332,0.026207564414193016,0.09682122499999994,0.15985611666666663,0.06303489166666669,False
hdc_regression,HDC,regression,sub-cp018,5,0.11802884166666665,0.015433036187128863,0.09910207500000001,0.141384025,0.042281949999999985,False
hdc_regression,HDC,regression,sub-cp019,5,0.21376460000000003,0.01687957006676373,0.19942934999999995,0.2378149416666667,0.038385591666666746,False
hdc_regression,HDC,regression,sub-cp020,5,0.21415981833333336,0.019831604301769407,0.18368219166666666,0.23217446666666672,0.04849227500000006,False
hdc_regression,HDC,regression,sub-cp022,5,0.3054538316666667,0.024292970479149186,0.28313806666666663,0.33359570833333335,0.05045764166666672,False
hdc_regression,HDC,regression,sub-cp023,5,0.3446070216666667,0.03347377266862599,0.30772895000000006,0.39019897499999995,0.08247002499999989,False
hdc_regression,HDC,regression,sub-cp024,5,0.27107207666666666,0.04288054077938438,0.21908569999999994,0.33497103333333333,0.1158853333333334,True
hdc_regression,HDC,regression,sub-cp025,5,0.08581839499999999,0.02241385763121517,0.04789979999999997,0.10172865833333333,0.05382885833333336,False
hdc_regression,HDC,regression,sub-cp026,5,0.14996289333333335,0.026289643805678026,0.11952201666666663,0.1889490916666667,0.06942707500000007,False
hdc_regression,HDC,regression,sub-cp027,5,0.17211754,0.013404925735247996,0.15345127500000003,0.1862989666666667,0.03284769166666668,False
hdc_regression,HDC,regression,sub-cp028,5,0.21427743833333332,0.012799708856108094,0.19751027499999999,0.22763815833333334,0.030127883333333355,False
hdc_regression,HDC,regression,sub-cp029,5,0.149022445,0.02244343163972788,0.11236407500000001,0.17067245833333333,0.058308383333333325,False
hdc_regression,HDC,regression,sub-cp030,5,0.24438619818181814,0.03192634660180087,0.20943899090909088,0.2922523454545454,0.08281335454545455,False
hdc_regression,HDC,regression,sub-cp031,5,0.1996785766666667,0.015336081231382706,0.18115258333333337,0.22105330833333334,0.03990072499999997,False
hdc_regression,HDC,regression,sub-cp032,5,0.29594471333333333,0.025988836450344683,0.25149520833333333,0.31658633333333336,0.06509112500000003,False
hdc_regression,HDC,regression,sub-cp033,5,0.500139365,0.03726114634803672,0.4469071333333332,0.5460557,0.09914856666666683,True
hdc_regression,HDC,regression,sub-cp035,5,0.1932127966666667,0.03352811953178237,0.14189589166666666,0.23518295833333333,0.09328706666666667,False
hdc_regression,HDC,regression,sub-cp036,5,0.42685843833333326,0.03264182539920483,0.38402866666666663,0.4718202249999999,0.0877915583333333,False
hdc_regression,HDC,regression,sub-cp037,5,0.1483421483333333,0.030499899095480548,0.10788750833333328,0.18474880833333338,0.07686130000000009,False
hdc_regression,HDC,regression,sub-cp038,5,0.48512565333333324,0.04502164213905201,0.42034574166666666,0.5298474750000001,0.1095017333333334,True
hdc_regression,HDC,regression,sub-cp039,5,0.7815091599999999,0.05057869361398849,0.6971468083333333,0.8317905249999998,0.13464371666666652,True
hdc_regression,HDC,regression,sub-cp042,5,0.19510084500000002,0.027401721255539246,0.17131680000000002,0.2254135083333333,0.05409670833333327,False
hdc_regression,HDC,regression,sub-cp043,5,0.26416367166666666,0.03985888152692817,0.2114155333333333,0.29685797500000005,0.08544244166666676,True
